id,fecha,evento,participantes,consecuencias
ev-001,C1-T1-D1 lunes ~08:14,Primer día de Akari en 1-A. Presentación solemne ('sangraré por vosotros'). Percibe la sangre de la clase.,Akari/Aizawa/1-A,"Marca terreno. Pupitre cerca de Momo, asignada a orientarlo."
ev-002,C1-T1-D1 ~12:42,Orientación con Momo; pacto de cita de biblioteca.,Akari/Momo,Vínculo Momo sube; terreno común la biblioteca.
ev-003,C1-T1-D1 ~13:35,"Evaluación de aptitud (sprint, balón 412m con Eco, agarre, salto, circuito administrado).",Akari/Aizawa/1-A,Aizawa aprueba la administración; Eco involuntario; primera mirada de Todoroki.
ev-004,C1-T1-D1,"Vínculos: Mina, Todoroki (cuerda/'herencia'), Hagakure, Tsuyu, Midoriya.",Akari/1-A,Cimientos de vínculos. Todoroki entreabre el muro.
ev-005,C1-T1-D1 ~15:38,Akari se adelanta a Aizawa; pacto de entrenamiento del Eco; Aizawa aliado vs avalista.,Akari/Aizawa,Pacto de mentoría.
ev-006,C1-T1-D1 ~15:55,"Conoce a Ibara (resonancia vegetal, pacto miér/vier).",Akari/Ibara,Vínculo Ibara + ruta de savia.
ev-007,C1-T1-D1 ~16:09,"1ª Bestia consciente (compañía, no arma); hallazgo emocional del Quirk.",Akari,Autoconocimiento: el control depende del estado emocional.
ev-008,C1-T1-D1 ~18:00,Cafetería: notas del Quirk; conoce a Kendo; música compartida; coordinación táctica; worldbuilding económico UA.,Akari/Kendo,Vínculo Kendo; aprende coordinación.
ev-009,C1-T1-D1 ~18:43,INCIDENTE Naka-ku sur: villano de Trigger; rescate con Kendo sin Quirk visible; 2 civiles salvados.,Akari/Kendo/villano/civiles,1er rescate; Akari herido; se contuvo de drenar.
ev-010,C1-T1-D1 ~18:47,"El Sabueso: aviso oficial, sospecha. Kendo cubre a Akari.",Akari/Kendo/Sabueso,Contacto de zona; foto del incidente circula.
ev-011,C1-T1-D1 ~19:06,Cena con Kendo; debrief; 'impresionante y adorable'; contacto; paseo.,Akari/Kendo,Vínculo Kendo el más fuerte; pacto café.
ev-012,C1-T1-D1 noche,Chat con Jirō (Everlong; 'candidato a backstage').,Akari/Jirō,Vínculo Jirō; canal nocturno.
ev-013,C1-T1-D2 ~05:00,Akari madruga: repone pool; prepara 2 bentos (uno para Momo); mensaje a Jirō.,Akari,Reposición; gesto atento a Momo.
ev-014,C1-T1-D2 06:24,Llega al gimnasio Gamma; Aizawa lo espera para el entrenamiento del Eco.,Akari/Aizawa,Inicio del entrenamiento.
ev-015,C1-T1-D2 06:31,"ENTRENAMIENTO DEL ECO con Aizawa. Akari le cuenta todo. Aizawa ajusta: filo del Eco + anclaje emocional. Akari descubre 2 anclas (Blackroot=anti-soledad, música=anti-Eco), manifiesta y nombra a Blackroot (lobo de raíces), retrasa el Eco por 1ª vez, gana 1 memory scar por ir 'a tope' con música. Aizawa le explica la ley del uso de Quirk en la calle.",Akari/Aizawa,"MAESTRÍA DEL QUIRK 2→3. Dos anclas. Blackroot nombrado. Clave: aislado se rompe, acompañado imparable."
ev-016,C1-T1-D2 ~07:48,"Clase 1-A. Akari da su música a Mina (buen rollo), desliza el bento de lípidos a Momo (gesto que demuestra que entiende su Quirk); Jirō lo nota. Notas dibujadas con Jirō (sirena/reloj de arena, pacto viernes sala 3).",Akari/Momo/Mina/Jirō/Aizawa,Momo conmovida (subida grande); Jirō (viernes sala 3); red social tejiéndose.
ev-017,C1-T1-D2 ~08:18,"Akari clava la respuesta legal en clase (competencia, para impresionar a Momo). Susurros con Momo (le sube el listón; lapsus 'ser querido'). Broma cruda (te muerdo el culo → Blackroot → rubor).",Akari/Momo/Aizawa,Vínculo Momo por la vía de la competencia; complicidad.
ev-018,C1-T1-D2 descanso ~10:45,"Zanja el roce con Kaminari (buen rollo, consejo de Jirō); visita a Kendo en 1-B (modera a Monoma; ve a Ibara); beat con Hagakure (le admira el estilo, NO revela su percepción, slow-burn); dibuja para Jirō.",Akari/Kaminari/Kendo/Monoma/Ibara/Hagakure/Jirō,Kaminari colega; vínculos regados; red social densa.
ev-019,C1-T1-D2 ~11:04,"ACCIDENTE del móvil: Manowar suena por el altavoz en clase de Present Mic. Hermandad metalera con Tokoyami. Akari da la cara sin vender a Kaminari (lealtad sellada). Present Mic: penitencia + reto musical, que Akari resuelve al instante (lista de clásicos) → Present Mic rendido.",Akari/Tokoyami/Kaminari/Present Mic/1-A,Tokoyami hermano de armas; Kaminari leal; Present Mic ganado; reputación de íntegro y culto.
ev-020,C1-T1-D2 ~16:02,"ADMINISTRACIÓN (con Momo): Akari da la cara, choca con el muro burocrático (validación de Nezu por el papeleo de urgencia), Momo mueve el peso de la fundación Yaoyorozu → cita prioritaria con Nezu el miércoles 13:00. Antes: Akari rechaza su ayuda por orgullo; Momo lo desarma (juramento de meñique de sinceridad recíproca; confesión del abandono familiar de Akari; obstáculo familiar Yaoyorozu sembrado).",Akari/Momo/funcionaria,Beca casi destrabada; vínculo Momo ANCLADO; obstáculo familiar sembrado.
ev-021,C1-T1-D2 ~16:21,"BIBLIOTECA (santuario de Momo): poesía (Yosano Akiko/Ono no Komachi); investigación del Eco → HALLAZGO (Quirks temporales rarísimos, coste de disociación, usuarios bajo tutela de la Comisión → el avalista encaja); PRIMER BESO (iniciado por Momo), segundo beso hambriento; estudio del temario atrasado.",Akari/Momo,Primer beso mutuo; hallazgo del avalista/Comisión; puesta al día académica.
ev-022,C1-T1-D2 ~17:51,"Escalera de incendios: besos apasionados, deseo despierto; Momo pone el límite con cariño ('donde yo elija, con calma'). DECLARACIÓN DE AMOR MUTUA. Akari le germina una ROSA CARMESÍ de su savia (late con su pulso). Se despide antes de su casa (obstáculo familia). Intercambian contactos por fin.",Akari/Momo,Relación de pareja de facto (sin exclusividad pactada); deseo abierto no consumado; rosa de savia.
ev-023,C1-T1-D2 noche,"Akari vuelve al hostal; manda mensajes a Kendo (café cruzado, Nezu mañana), Tokoyami (playlist de metal), Jirō (Disorder/'te cogeré de la mano', viernes), Mina (el sol/la luna/'cuenta conmigo'), Momo ('la habitación se siente sola sin ti'). Estudia hasta pasada medianoche rotando materias; lee el libro de Quirks temporales (hallazgo del patrón Comisión) y comparte con Momo.",Akari/Kendo/Tokoyami/Jirō/Mina/Momo,Red regada; puesta al día académica; hallazgo consolidado; motivación urgente para la cita con Nezu.
ev-024,C1-T1-D2 ~00:34,"Fin del Día 2. Akari se duerme. [SESIÓN 2 CERRADA]. Mañana: Aizawa 06:30, clases, Nezu 13:00.",Akari,Descanso antes del Día 3.
ev-025,C1-T1-D3 miércoles 05:00,"Akari madruga: 2 bentos (sangre/morcilla para él, grasas para Momo). Mensajes matutinos con Momo.",Akari/Momo,Reposición; rutina de novio.
ev-026,C1-T1-D3 06:31,2º ENTRENAMIENTO DEL ECO con Aizawa. Akari empieza a CONTROLAR el Eco (no solo retrasarlo) y ROZA 'pelear en dos tiempos' (con coste/scar). Descubre que su Quirk subió de nivel. Luego Aizawa le desmonta su inseguridad (nadie tiene poder gratis; su coste es ventaja).,Akari/Aizawa,MAESTRÍA 3→4. Reencuadre: su coste lo hace listo. Mentor más cercano.
ev-027,C1-T1-D3 ~07:16,Beat con Todoroki al amanecer (entrenando solo su hielo). Akari le habla del coste de usar 'media alma' sin presionarle. Todoroki se abre ('el fuego es de mi padre'; 'tú no me dices que lo use'). Muro entreabierto más.,Akari/Todoroki,Vínculo masculino profundiza.
ev-028,C1-T1-D3 ~07:48,"Clase 1-A: buenos días secreto a Momo (bento, beso robado), disimulo (saluda a Mina/Jirō para cubrir), 'estilosa' a Hagakure. Exámenes en 2 semanas.",Akari/Momo/1-A,Relación secreta; red social.
ev-029,C1-T1-D3 13:00,"CITA CON NEZU. Akari va de frente (hechos vs hipótesis, afirma su agencia). Nezu: beca VALIDADA, prórroga CONCEDIDA, aliado táctico; NO da el nombre del avalista (confidencialidad); confirma que las suposiciones de Akari son razonables; CONFIRMA que el avalista NO es el coleccionista de las sombras (es institucional). ADVIERTE de la amenaza futura del coleccionista (un Quirk temporal es su tesoro). UA protege bajo sus muros.",Akari/Nezu,Techo + beca + aliado + info crítica. Amenaza futura sembrada (coleccionista).
ev-030,C1-T1-D3 ~13:30,Clase de Ectoplasm (matemáticas): Akari BRILLA (resuelve por caminos de curso superior pese a ir descolgado). Pique intelectual coqueto con Momo ('lo de la simetría ha sido sexy'). Comprensión interna: la red de vínculos NO es apetito sino necesidad estructural del Quirk (anclas) y responsabilidad (Quirk roto = peligro).,Akari/Ectoplasm/Momo,Mates = su fuerte. Claridad sobre el harem como estabilidad.
ev-031,C1-T1-D3 16:00,"1er ENTRENAMIENTO DE SAVIA con Ibara. Aprende a 'escuchar' la savia (control fino). La tracción ESTALLA al entrelazar savias; ambos admiten la atracción a la luz; marco de cortejo lento/contenido por la fe de Ibara. Savias entrelazadas, nada consumado.",Akari/Ibara,"Maestría/control fino + vínculo Ibara (deseo abierto, cortejo lento)."
ev-032,C1-T1-D3 ~17:00,"CITA con Momo por Musutafu: hostal como campo base (lote en la cama, sin llegar a más), ruta de 3 pisos (favorito: Naka-ku centro, plaza = 'elección de familia'), callejón (1er toque de pecho, consentido), cena (confesión de que es primerizo también; le cuenta lo de Nezu en versión pública, el Quirk 'entre muros' pendiente).",Akari/Momo,Intimidad física avanza; piso favorito; deseo abierto no consumado.
ev-033,C1-T1-D3 ~20:48,"MIRADOR nocturno. Akari CONFIESA a Momo su naturaleza de bosque/red (no exclusivo): ella es 'el árbol madre' por encima de todo, ahora solo está ella (marco teórico); la red es necesidad del Quirk, de su seguridad y del mundo. Ofrece SACRIFICARLO TODO (Quirk, ser héroe) menos a ella. Momo, dolida pero valorando la honestidad, ve la paradoja (la maceta lo marchita) y pide TIEMPO para decidir (bosque vs exclusividad). El amor sigue; en pausa reflexiva. Reloj familiar la arranca.",Akari/Momo,HILO CENTRAL abierto: dilema de Momo. Honestidad máxima de Akari (marca de carácter cumbre).
ev-034,C1-T1-D3 ~21:10,Akari riega su red y vuelve al hostal. [SESIÓN 3 CERRADA].,Akari/red,Cierre del Día 3.
ev-035,C1-T1-D4 jueves 05:00,"Akari madruga: deja un bento escondido bajo el pupitre de Momo (cuidado silencioso, sin presionar su dilema) y una lata de té en el de Todoroki, y se va a entrenar. 'Como el té de Shoto'.",Akari,"Cuidar sin presionar. Momo, en su día de silencio."
ev-036,C1-T1-D4 06:31,Entrenamiento del Eco: sostiene los 'dos tiempos' LIMPIO (consolidación M4; Aizawa avisa que va demasiado rápido). Akari le pregunta a Aizawa si pueden ELIMINARLO si se estanca; Aizawa lo confirma sin mentir PERO se pone entre él y ese cálculo ('no mientras yo respire'). Akari siente por 1ª vez el calor de ser protegido/arropado.,Akari/Aizawa,M4 consolidado (no sube). Amenaza del borrado confirmada. Aizawa = figura paterna.
ev-037,C1-T1-D4 ~07:16,"Todoroki encuentra la SEGUNDA lata de té (sin nota) y rumia lo que Akari le dijo al amanecer del D3 ('no eres el único que entrena a las siete peleándose con la mitad que no quiere sacar'). No hubo charla al amanecer del D4 (corregido: el beat del fuego fue D3, ev-027).",Todoroki,Semilla del pacto del descanso (ev-039).
ev-038,C1-T1-D4 ~07:24,"Clase: bento secreto a Momo (POV Momo procesa el dilema al verlo saludar a Mina); vínculos con Uraraka (la 'tribu' de la precariedad), Hagakure (proyecto de estilismo + coqueteo del beso + casi revela su percepción); saludos a Mina/Jirō (cubrir el secreto).",Akari/Momo/Uraraka/Hagakure/1-A,Uraraka nuevo vínculo; Hagakure sospecha que la 've'; red tejida.
ev-039,C1-T1-D4 ~10:46,"BOMBAZO: Todoroki VINO a Akari a preguntar si son amigos; PACTO recíproco de los muros + apretón de mano de hielo DELANTE de la clase. Reacción coral (Midoriya lo investiga, Bakugo lo ficha como amenaza, Mina/Kaminari flipan, Momo POV: celos+orgullo). Iida homenajea a Akari.",Akari/Todoroki/1-A,Amistad Todoroki sellada; salto de estatus social; Iida aliado.
ev-040,C1-T1-D4 ~11:00,"Gag con Monoma ('te vigilo'). Bakugo de fondo. En clase: nota poética con Jirō (viernes sala 3), susurro a Hagakure ('preciosa cuando te emocionas' → ella sospecha). Aizawa avisa: exámenes en 2 semanas.",Akari/Monoma/Bakugo/Jirō/Hagakure,Hilos regados; Hagakure con la mecha del secreto encendida.
ev-041,C1-T1-D4 ~13:14,"FUNDA la MESA DE LOS GUARDIANES en la cafetería: Todoroki, Tokoyami, Kōda, Midoriya, Aoyama + Akari. Da identidad ('guardianes del ocaso') a los del margen; incluye al tímido Kōda y ve a Aoyama tras su fachada (soledad). Excluye a Mineta. Brindis, grupo de chat. Ectoplasm (mates) reconoció su aptitud antes.",Akari/guardianes,Comunidad fundada; pertenencia para los marginados. Liderazgo social.
ev-042,C1-T1-D4 ~12:44,"Almuerzo con Kendo: le contó lo de Nezu (general); ella intuyó 'alguien más pesa antes que ella', dejó la PUERTA ENTORNADA (no plato de segunda mesa). Akari le corrigió con el modelo de CÍRCULOS CONCÉNTRICOS. Hermandad de armas intacta.",Akari/Kendo,Kendo: puerta entornada; modelo de círculos entregado.
ev-043,C1-T1-D4 ~13:00,"Beat con Ibara: 'experimento raro' (drenaje, en secreto) que Akari se echa atrás de contar; en su lugar le hace crecer rosas de savia entrelazadas con su jazmín ('oración de sangre y flor'). Akari reflexiona sobre la sombra de Drácula y elige no ser el monstruo.",Akari/Ibara,Vínculo Ibara; el experimento del drenaje sembrado.
ev-044,C1-T1-D4 ~15:50,"CONVERSACIÓN COLOSAL con Momo (biblioteca, entre muros): Akari le cuenta TODO el Quirk (Eco, drenaje/Drácula, la amenaza del coleccionista) Y lo del BORRADO. Momo entiende que la maceta = su muerte, RESUELVE EL DILEMA (acepta el bosque, ella el árbol madre). Rechaza que Akari le borre la memoria (agencia = línea roja). Akari se arrodilla ofreciendo control; ella lo rechaza y DEFINE su marco (honestidad al florecer, dignidad, certeza). Beso con Ono no Komachi. 'Eres el amor de mi vida, lo supe el primer día.'",Akari/Momo,DILEMA RESUELTO. Marco de amor libre definido. Relación consolidada.
ev-045,C1-T1-D4 ~17:00,"Fueron a ver el PISO favorito (Naka-ku centro): perfecto pero INASEQUIBLE (¥260k entrada + garante). Akari rechaza el dinero/apellido de Momo (protege el secreto/su vida). PLAN: esperar los dormitorios de UA. Y planearon el HOTEL del DOMINGO (day-use) para la primera vez, sin coartada ('no aparezcas hasta las 21h'). Lote caliente en un callejón.",Akari/Momo,Piso encaminado (dormitorios); primera vez planeada (domingo).
ev-046,C1-T1-D4 ~18:40,"Akari estudia en la biblioteca (elefante a 2/3), deja una NOTA a Nezu (cita: dormitorios + entre muros). Luego CENA de ramen espontánea con Jirō (le quita el miedo a mañana; meñique enganchado; la acompaña a casa de la mano; casi-beso GUARDADO para la sala 3; ABRAZO de puro sentimiento que la desarma). [SESIÓN 4 CERRADA].",Akari/Nezu(nota)/Jirō,"Nota a Nezu; Jirō acercada (meñique, casi-beso, abrazo). Cierre del Día 4."
ev-047,C1-T1-D5 viernes ~05:10,"Akari madruga (Disturbed de fondo, tofu de sangre + té verde): hace DOS bentos, el de Momo con una ROSA de savia oculta en el centro que florece al abrir la tapa (condición 2 = dignidad hecha comida) y mensaje matutino que mantiene BLINDADA la sorpresa del domingo ('sé puntual a las 21h, sin excusa'). Luego RESERVA el hotel del domingo: Tsuki-no-Ma, suite, ¥16.800, señal ¥5.000 (saldo ¥34.650→¥29.650).",Akari/Momo(mensaje),Cuidado silencioso a Momo; hotel del domingo RESERVADO; sorpresa intacta.
ev-048,C1-T1-D5 ~06:08,"Al llegar temprano a UA, Akari encuentra a BAKUGO entrenando solo al alba. Bakugo lo mide (sospecha de manipulador → descartada al ver que Akari no se defiende ni presume). Akari le ofrece ser 'frontón' (rival que devuelve cada golpe mejor) pero reconoce que aún no le llega (Quirk inestable, coste alto); no le hace la pelota, le habla de frente. Bakugo lo acepta a su modo: 'rival sano… como te acomodes, te reviento'.",Akari/Bakugo,"La ficha de Bakugo se reescribe: de 'amenaza que sube' a rival con RESPETO RETICENTE. Choque directo aún pendiente, ya sin veneno."
ev-049,C1-T1-D5 06:30,"ENTRENAMIENTO con Aizawa (campo Gamma). Aizawa fija la estrategia: MAESTRÍA CONGELADA a propósito (cada punto es una bengala para el gobierno/coleccionista; se crece por vías que no suben el número). Akari SELLA su línea roja anti-Drácula ante Aizawa como TESTIGO ('Drácula tomaba; yo recibo; nunca a quien no quiere, nunca por hambre; si me gusta el sabor y no el motivo, paro'). Primera vez que usa a BLACKROOT en combate (lobo de musgo negro = su subconsciente/frontón); entrena capacidad+economía+gestión de bidón bajo presión, con el ERASE de Aizawa sin avisar como dificultad (pelear en bruto sin Quirk). Aprende a LEER su pool desde dentro. Aizawa avala su ventaja AB (drenaje con disciplina). [SESIÓN 5 CERRADA].",Akari/Aizawa/Blackroot,Línea roja SELLADA con testigo; Blackroot estrenado en combate; rutas UNO (capacidad) y TRES (recuperación/drenaje) activadas; sabe leer su bidón. Maestría NO sube (camuflaje deliberado).
ev-050,C1-T1-D5 viernes ~07:50,"Ducha; en el aula, 'gracias' solemne y corto a Bakugo por la conversación del alba. Bakugo se ablanda un grado más ('los que madrugan no me dan asco; no la cagues hoy, Hayami').",Akari/Bakugo,Rival sano se ablanda; casi confianza.
ev-051,C1-T1-D5 ~07:58,"Beat con HAGAKURE en el aula: le acaricia la cara acertando su posición invisible (percepción); le pide ver su 'cuaderno de ideas descartadas'; CONSIGUE SU NÚMERO; le lee el rubor ('eres hermosa cuando te sonrojas') y ella queda casi segura de que la percibe; beso oculto en su mano. Momo lo ve (la FORMA de la intimidad, no lo invisible).",Akari/Hagakure/Momo,Número de Hagakure conseguido; percepción casi revelada; Momo registra cercanía (celos contenidos).
ev-052,C1-T1-D5 ~08:00,"Bento con rosa (dignidad) a Momo; saludo mudo efusivo a Mina (Aizawa la pilla); nota en clase a Jirō que le quita el miedo a la sala 3.",Akari/Momo/Mina/Jirō/Aizawa,Red regada; Jirō tranquilizada para la tarde.
ev-053,C1-T1-D3 miér 15 may ~10:00 (flashback),"MIDNIGHT (Historia del Arte Heroico) ficha a Akari como 'el nuevo que piensa' tras una respuesta afilada ('la percepción ES el trabajo'). Relleno del hueco de la profesora — sin contacto real, closeness 0.",Akari/Midnight,Midnight lo tiene en el radar como 'el que piensa'. Deseo latente (no abierto), tabú.
ev-054,C1-T1-D5 ~12:35,"ALMUERZO azotea con Momo: disclosure honesto de lo de Hagakure (cortina de humo + admiración de su trauma); confirma que HOY NO HA FLORECIDO nada; OFRECE talar el bosque y Momo lo RECHAZA (reafirma árbol madre; un Akari podado = maceta = su muerte). Momo nombra su dolor ('quieres que te vean y a mí me escondes'). Se fija la REGLA canónica del Quirk de Momo (crea cualquier material no-vivo que entienda; límite = masa corporal; no exploit económico por acuerdo). Escalada física CORTADA por Momo (línea del domingo intacta).",Akari/Momo,Marco reafirmado bajo prueba; dolor del ocultamiento sembrado; regla del Quirk de Momo fijada.
ev-055,C1-T1-D5 ~15:14,"Fin de clases. Akari RESISTE robar tiempo con Momo (peldaño) para llegar ENTERO a Jirō — carácter (presencia sobre deseo). Le debe un peldaño a Momo esta semana.",Akari/Momo,Carácter: prioriza la presencia; peldaño con Momo pendiente.
ev-056,C1-T1-D5 ~16:02,"SALA 3 de JIRŌ — FLORECER. Jirō le canta la canción que no le ha cantado a nadie ('por fin alguien no se fue'), quebrándose y llegando al final. PRIMER BESO (iniciado por ella, en su santuario). Akari le bebe las lágrimas (recibir, no tomar) y le confiesa el ESPEJO (su canción es la vida de Akari). Techo de la semana fijado por él (solo sobre la ropa). Camino a casa le DISCLOSA el bosque (hay un árbol sin nombre; necesidad EXISTENCIAL, no lujuria), declara amor; Jirō ACEPTA intentarlo pese al dolor. Le pide oír el nombre antes de descubrirlo y Akari se lo NIEGA (no jura en falso); ella lo respeta. Le avisa del Bakusquad. Cierra por mensaje (el árbol ya lo sabe).",Akari/Jirō,"FLORECIÓ Jirō (closeness 6→7). Entró en el bosque con honestidad total. Volátil (tendrá días malos). Cercana a Momo (riesgo)."
ev-057,C1-T1-D5 ~17:10,"HOSTAL con Momo: cumple la CONDICIÓN 1 — le cuenta el florecer con Jirō CON NOMBRE, ella la primera. Reframe: Jirō es la 2ª flor; la 1ª fue Momo (recuerdo de la ducha/toalla del D4). La tranquiliza (no irá más rápido con Jirō; PROTEGIÓ su nombre a costa de arriesgar a Jirō). Momo pregunta si pensó en ella al besar a Jirō y Akari da la doctrina 'ERES TODAS LAS TARTAS' (la balanza, otra dimensión, no compite). Momo lo cree del todo.",Akari/Momo,Condición 1 cumplida el mismo día; doctrina de la balanza entregada; confianza total reforzada.
ev-058,C1-T1-D5 ~17:26,"SEXO con Momo (peldaños, guardando el coito para el domingo). PRIMERA VEZ de Akari RECIBIENDO placer. Cunnilingus a Momo (su 1ª vez) + PENETRACIÓN DIGITAL (su 1ª vez) + edging. Luego DUCHA JUNTOS (le enjabona la espalda, callback del D4). CENA doméstica de konbini en la cama. Conversación del FUTURO/su padre (la carga es de ella; 3 años para elegir empresa vs su camino; Akari ofrece quedarse quieto mientras ella decide). Montaje charla+intimidad+estudio. Momo se va ~20:35.",Akari/Momo,"Intimidad plena menos coito; doméstico; conversación del futuro. Deseo abierto muy avanzado; primera vez del coito = domingo."
ev-059,C1-T1-D5 ~21:00,"IZAKAYA de Kaido con el BAKUSQUAD (Bakugo, Kirishima, Kaminari, Sero, Mina). Brindis del nuevo; se gana al grupo entero. Insights tácticos ('coach'): Kaminari (absorber energía externa + equipo de soporte Sero/Kirishima/Momo), Bakugo (punto ciego del sudor). Juego 'yo nunca': BEBE admitiendo que hay alguien SIN NOMBRE. Monta la COARTADA de rivalidad académica con Momo (blinda el secreto). Momento privado con Bakugo: Akari RODEA a propósito la herida de Deku (respeto) y Bakugo se abre ('con Deku hay cosas que son mías'; 'bienvenido a aguantarlos conmigo'). Brindis de hermandad; 'la noche que más me he reído en la vida'.",Akari/Bakugo/Kirishima/Kaminari/Sero/Mina,"Miembro pleno del Bakusquad; reputación de coach; Bakugo rivalidad 3→4 (casi amistad); coartada de rivalidad académica instalada."
ev-060,C1-T1-D5 ~21:30 (izakaya),"MINA — conversación honda: ella disclosa su sombra (usa el sexo para sentirse vista; de cría 'monstruo'; 4 parejas reales + un lío pasado y muerto con KAMINARI). Akari disclosa su trauma de abandono. Le DISCLOSA el bosque. MINA ENTRA en el bosque con un PACTO: ritmo lento, nada de sexo borracho, cita la semana que viene, HERIDA LIMPIA (avisar/romper antes de estar con otro), sin exigir exclusividad; Akari virgen guardándose. Jura discreción 'por sus cuernos'.",Akari/Mina,"Mina al bosque (closeness 3→6, deseo latente→abierto). Conoce la existencia del bosque (jurada a discreción)."
ev-061,C1-T1-D5 ~23:07,"Sale del izakaya con Mina. PRIMER BESO (calle) + morreo caliente que ELLA FRENA (no borrachos, no en público — huye de ser 'una farola más'; quiere que con Akari sea distinto). Su ÁCIDO pierde un poco el control (resbaladizo/vapor leve = señal de que le importa). Pacto reafirmado; cita la próxima semana.",Akari/Mina,Primer beso con Mina; ella pone el freno con agencia; el vínculo se hace real y tierno.
ev-062,C1-T1-D5 ~23:30,"Hostal: manda mensajes de 'llegué' DISTINTOS a Momo (el bosque duerme sano), Jirō (la ondina, odia el silencio) y Mina (gracias por el freno). Luego +Momo (las sábanas huelen a ti, te echo de menos) y +Hagakure (calienta la cita de mañana; ella se ilusiona — bocetos, 'te reinvento'). Duerme. [SESIÓN 6 CERRADA]. Día 5 completo: 5 vidas tocadas, ninguna traicionada.",Akari/Momo/Jirō/Mina/Hagakure,Cierre del Día 5. Bosque entero acostado sano. Mañana: centro comercial + Hagakure estilista.
ev-063,C1-T1-D6 sábado ~07:39,"Despierta con resaca leve. Chat 'COMANDO GLOW-UP' (cita 11:00 entrada norte de Kiyashi Ward). Momo avisa que NO va al centro (proteger la coartada: discutirle un jersey delante de la clase la delataría) y reafirma el estreno privado del look ('las miradas te las cobro el domingo').",Akari/Momo/1-A(chat),Coartada protegida por decisión de Momo; estreno privado en pie.
ev-064,C1-T1-D6 ~07:45,"Carrera de ~4 km por el canal + 100 flexiones/100 sentadillas/100 abdominales clavadas usando CUERPO (endurecimiento de sangre) para no fallar. Lección honesta: el músculo lo hizo el Quirk, no él (sin marca de PWR); lo entrenado de verdad = control fino de Cuerpo bajo resaca (trabajo invisible, maestría congelada).",Akari,Rutina física; microcontrol de Cuerpo; sin marca de PWR (autoconsciente).
ev-065,C1-T1-D6 ~08:30,"Mensajería matinal: Kendo (propone correr juntos + café; ella: café HECHO, correr sí, y la puerta sigue ENTORNADA — 'ven de frente cuando sepas qué eres'); Jirō declina la multitud del centro ('anoche me abrí mucho, estoy en carne viva'; cita LUNES en sitio pequeño) y le manda NOTA DE VOZ de 0:38 con un fragmento de SU canción ('para que aguantes hasta el lunes; es tuya; no la enseñes'); Momo fija por chat la logística del domingo.",Akari/Kendo/Jirō/Momo,Nota de voz de Jirō = raíz nueva; lunes con Jirō fijado; Kendo firme y cálida.
ev-066,C1-T1-D6 ~10:05,"PLAN DE GUERRA académico para la apuesta con Momo: no ganarla en todo — ganarla por flancos: MATEMÁTICAS (su fuerte natural, canon del jugador: en mates gana Akari) + HISTORIA DEL ARTE HEROICO (Midnight premia pensar, no memorizar; ya lo fichó) + Ley Heroica (criterio); no perder por goleada en Física/Inglés.",Akari,Estrategia de exámenes definida; la apuesta pública se vuelve ganable.
ev-067,C1-T1-D6 10:52,"PROBADOR (Kiyashi Ward): Toru lo mete en un probador para arrancarle el secreto. PRIMER BESO + Akari le revela susurrando que LA VE ENTERA (canonizado: mapa circulatorio completo, órganos, corazón latiendo — gore y hermoso, 'delicioso') + PRIMER ORGASMO de Toru (manual, su 1ª experiencia sexual con nadie), leyéndole la sangre para tocarla. 'Nadie me ha visto nunca. Y tú me ves más que nadie a nadie.'",Akari/Hagakure,FLORECIÓ Hagakure. El secreto de la percepción: revelado en el acto más íntimo. Su herida raíz ('nadie me ve') tocada de lleno.
ev-068,C1-T1-D6 11:15-13:20,"COMPRAS con Toru dirigiendo (Kirishima/Sero de coro; Mina elige UNA pieza: cadena fina canalla). El 'boceto descartado' de Toru era un look completo para Akari que no se atrevía a proponer ('hacía falta que fueras alguien que se dejara ver'). Look final: base sólida + CHAQUETA CARMESÍ estructurada color sangre ('es tú, no sé por qué'). Toru ADELANTA ¥33.800 (deuda hasta la beca); Akari pone ¥6.000.",Akari/Hagakure/Kirishima/Sero/Mina,Reinvención completada ('el nuevo Akari'); deuda con Toru ¥33.800; cadena de Mina puesta.
ev-069,C1-T1-D6 ~13:50,"Almuerzo de grupo: Sero saca la APUESTA pública Akari↔Momo (la clase apuesta); Akari la alimenta con teatro ('que gane ella en Física; yo la espero en Mates y en Historia del Arte') delante de 4 testigos. Coartada de rivalidad académica REFORZADA.",Akari/Kirishima/Sero/Mina/Hagakure,OPSEC oro: la clase repetirá 'van a muerte en los exámenes'.
ev-070,C1-T1-D6 ~14:15,"Despedida de Mina (limpia, sin sospechas): CITA FIJADA para el JUEVES — la organiza ella, sitio pequeño, solos, sorpresa ('y a lo mejor ahí sí te dejo cobrar algo. Lento. Como pactamos'). 'La cadena la llevo por ti.' — 'Lo sé.'",Akari/Mina,Cita del jueves fijada; ritmo lento intacto.
ev-071,C1-T1-D6 ~14:45,"Habitación 4: pase de modelos del look para Toru; luego VIDEOLLAMADA con MOMO = ESTRENO DEDICADO del look ('puesto, en privado, dedicado — a ti primero', honesto sobre que la clase lo vio construirse). Momo: 'Llévalo mañana. Quiero quitártelo yo.' LOGÍSTICA DEL DOMINGO FIJADA: 13:15 té (cafetería del toldo verde) → 13:40 ella sube → 13:55 él llega → 14:00 check-in (entradas separadas, reserva a su nombre falso).",Akari/Hagakure/Momo(videollamada),Promesa del estreno cumplida sin mentir; domingo con horario cerrado.
ev-072,C1-T1-D6 14:50-15:40,"SEXO ORAL mutuo con Toru (1ª vez de AMBOS en todo — recalibrado: dos vírgenes descubriendo, torpes y valientes; SIN coito, Akari se guarda para Momo). 'Pase al revés': ella se desnuda y él le DESCRIBE el cuerpo entero por la sangre (pechos, pezones encendiéndose, glúteos, vulva, clítoris como brasa) — su fantasía-cura es SER VISTA. Pillow talk: su crónica de la primera felación; detecta el sabor del VERDANT ('sal y algo verde; mar y hierba').",Akari/Hagakure,Intimidad plena menos coito; el Verdant impregna sus fluidos (detectado por Toru sin saberlo).
ev-073,C1-T1-D6 ~15:50,"DISCLOSURE del QUIRK a Toru (dosificado): la savia vegetal vive en su sangre, por eso ve la sangre ajena, por eso 'sal y hierba', y por eso el rojo de la chaqueta acertó ('¡te vestí de tu propia sangre!'). NO le cuenta: drenaje, borrado, avalista.",Akari/Hagakure,Toru sabe: savia + percepción + el porqué del rojo. Niebla: no sabe drenaje/borrado/bosque aún.
ev-074,C1-T1-D6 ~16:10,"EL BOSQUE COMPLETO a Toru (frente al espejo, piel con piel): no exclusividad, 5ª consciente, hay un CENTRO cuyo nombre no puede saber, necesidad real ('no te he tocado por deporte'). Fricción honesta de ella: 'ella sabrá de mí y yo no de ella — duele, desigual'. Akari le da el PACTO DE SALIDA antes del de entrada (herida limpia, 'no te pierdo, no me pierdes') y la ARQUITECTURA de dignidad (sin nombres no hay ranking; el nombre del centro la protege A ELLA). Toru se NIEGA a adivinar candidatas (OPSEC regalado) y pospone la decisión a 'la Toru de mañana' — 'pero hoy no me voy. Hoy es mío.'",Akari/Hagakure,Toru = 5ª consciente del bosque. Decisión EN SUSPENSO (mañana). Pacto de salida = desanudó su miedo.
ev-075,C1-T1-D6 16:20-17:05,"SEGUNDA PIEL DE SAVIA (aplicación NUEVA del Quirk): savia líquida cubre a Toru en capa finísima seca carmesí, PELO A PELO (control fino extremo, maestría congelada aguantando) — y Toru SE VE EN EL ESPEJO POR PRIMERA VEZ desde los 5 años. Descubre su cara (nariz respingona, lunar en la mandíbula izquierda, flequillo, melena media espalda), posa, baila, se ve reír ('tengo la risa de mi madre'). Luego: oral a ella frente al espejo VIÉNDOSE gozar + felación de ella mirándose hacerlo. 'Comunicado oficial: como la Toru de mañana renuncie a ESTO, la mato yo.' Retirada ceremonial de la savia ('¿Volveré a verme?' — 'Cuando quieras. El regalo no caduca'). Coste real: ~15-20 u. netas de pool (~85% al cierre; recalibración de costes aplicada).",Akari/Hagakure,BEAT CUMBRE de Toru: se ha visto. Aplicación nueva del Quirk descubierta (candidata a marca TEC). Regalo permanente ofrecido.
ev-076,C1-T1-D6 17:10-20:00,"Toru lo CUIDA (regazo invisible, agua, manta, tercer grado tierno: 'empate en secretos bonitos'). Cena de OKONOMIYAKI de barrio: historia de su Quirk (padre = antebrazos translúcidos al ponerse nervioso; madre = bioluminiscencia leve al avergonzarse, 'luciérnaga educada'; combinación optimizada → invisibilidad TOTAL manifestada a los 5 años en 2 semanas → por eso no recuerda su propia cara). Quiere ser heroína de RESCATE ('colarme donde nadie cabe y que un crío oiga: ya llegué'). Toques de queda: 21:30 entre semana (22:00 negociable), 23:30 findes.",Akari/Hagakure,Lore de Hagakure fijado (familia, manifestación, vocación de rescate, toques de queda).
ev-077,C1-T1-D6 20:35-22:40,"CINE (Musutafu Grand, comedia romántica): en la oscuridad de la sala 'todos somos invisibles' — Toru absolutamente libre (palomitas levitantes, susurros, cabeza en su hombro, mano en la mano donde por una vez son iguales).",Akari/Hagakure,El día perfecto sigue sumando; intimidad ligera y pública a la vez.
ev-078,C1-T1-D6 22:42-23:25,"La ACOMPAÑA A CASA (metro 4 paradas al este — lo bonito Y lo responsable: medianoche, Liga latente). Discurso del 'día perfecto': si mañana ella dice no, les queda esto; si dice sí, cita la semana próxima (él ofrece martes tras 'entrenar con Ibara' — OJO: Ibara es canónicamente miér+vier; la reprogramación al martes NO está hablada con Ibara aún, gestión pendiente + disculpa del plantón). BESO DEL LIMONERO en su portal; su madre brillando de luciérnaga tras el visillo; Akari se gira y 'saluda como un bobo, que es lo clásico' → '¡ASÍ SÍ!'.",Akari/Hagakure,Día perfecto cerrado; decisión de Toru pendiente; propuesta de martes condicionada a reprogramar a Ibara.
ev-079,C1-T1-D7 domingo 00:05-00:35,"Mensajes LARGOS de buenas noches: MOMO ('echo de menos mañana'; 'el universo y las duchas... mañana empiezo a pagarte el universo' → ella llorando: ''echo de menos mañana' me lo quedo. Es lo más bonito que me han escrito nunca. Tuya. M.'); JIRŌ (la nota de voz como estación del año → 'primero el abrazo, siempre primero el abrazo. …vale'); MINA (la cadena puesta, 'brillas con, no para' → 'el jueves es sorpresa'); KENDO (respeta la puerta entornada + contraoferta: correr a las 5:30, Gamma o tarde — 'te acabo de subir la apuesta'; respuesta PENDIENTE); TORU ('gracias por verte dejarte ver' → 'hoy ha sido el mejor día de mi vida y lo he VISTO'). Se duerme ~00:35. [SESIÓN 7 CERRADA]. Hoy: 13:15 toldo verde — el día de Momo.",Akari/Momo/Jirō/Mina/Kendo/Hagakure,Red entera regada con cartas; cierre del Día 6; el gran domingo por delante.
ev-080,C1-T1-D7 domingo 08:40-11:00,"Entrenamiento BASE LIMPIO (sin Quirk, tras té verde): 10 km en 57 min (completados feos y suyos), 100 sentadillas, 100 abdominales, 74 flexiones (fallo en la 75). 'El músculo esta vez lo está haciendo Akari' — constancia hacia marcas futuras de PWR/VEL, sin marca hoy.",Akari,Primera sesión de fondo SIN Cuerpo; línea base física real establecida.
ev-081,C1-T1-D7 domingo 09:12 y 11:47,"DOS MENSAJES CLAVE: KENDO acepta el reto ('ACEPTO: miércoles 5:30 Gamma. El que llegue tarde paga el café cruzado entero. Trae las agallas que anuncias.'). TORU RATIFICA SU ENTRADA AL BOSQUE ('la Toru de mañana ha revisado el contrato... No hay defectos de forma. FIRMO... Quiero el MARTES.') — Akari confirma el martes a mediodía ('convertido en sí'; sitio sorpresa, lo elige ella: 'tres listas').",Akari/Kendo/Hagakure,mis-014 CERRADA (ratificación) y mis-015 CERRADA (reto aceptado). Cita Toru = MARTES D9.
ev-082,C1-T1-D7 domingo 11:30-12:40,"Estudio (plan de guerra de exámenes: Mates/H. del Arte/Ley Heroica) + look completo puesto (obra de Toru entera: base sólida, chaqueta carmesí, cadena de Mina).",Akari,Plan de flancos avanzando; el look sale a su segunda misión.
ev-083,C1-T1-D7 domingo 13:10-13:40,"TÉ DEL TOLDO VERDE (llega ANTES de la hora): Momo ensayó el nombre falso frente al espejo (le salió su apellido 2 veces); tapadera 'grupo de estudio'. CONDICIÓN 1 CUMPLIDA ANTES DEL HOTEL: Toru CON NOMBRE (floreció; sabe savia/percepción, NO drenaje/borrado/nombres; deuda ¥33.800; ratificó hoy) + MINA disclosed también (beso=flor, bosque como prueba, ritmo lento) + confidencia Kaminari → CONSEJO DEL ÁRBOL: 'lo que te cuenten los ojos a los ojos no lo muevas de sitio; yo necesito nombres cuando algo florece, no sus cicatrices'. Momo ajusta su marco: noticias CARA A CARA, no por pantalla ('retiro el reloj'). Momo PAGÓ el resto del hotel en secreto (¥11.800). Despedida: 'ejercicio de infiltración, Agente Momo' / 'Se te da bien arrodillarte'.",Akari/Momo,Marco del árbol REFORZADO y cumplido con margen; Momo conoce ya TODAS las flores con nombre (Jirō/Toru/Mina).
ev-084,C1-T1-D7 domingo 13:55-15:00,"TSUKI-NO-MA hab. 411 'Luna Llena' (reserva 'Tanaka'): estreno del look en persona (círculo de examinadora, 'no hay palabra'), 'quiero hacerlo MAL yo sola' (botones temblando), la bañera casi desborda (carrera + risa = la solemnidad rota A PROPÓSITO del día). Poema de Yosano Akiko (Midaregami, 'yawa hada no...') recitado por Akari — Momo lo traduce y llora-ríe ('me estás recitando SANGRE CALIENTE, tú, a mí'). Condones con BANDERINES DE ÍNDICE (ranking de 3 marcas, 'ver reseñas guardadas'). Negociación del 'examen de opción múltiple' (cita de mesa: 'todo lo gordo hasta el final' — aprobada por unanimidad, jamás repetida).",Akari/Momo,Ternura + risa + método: el tono de SU intimidad queda fundado.
ev-085,C1-T1-D7 domingo 15:01-15:30,"PRIMERA VEZ (coito, los dos vírgenes de coito): entrada guiada por LECTURA DE SANGRE (pausas exactas, pulgar en clítoris, 'tres sobre diez... cero'), contacto visual sostenido a petición de ella, lágrimas de enormidad. Frase de Momo al completarse: 'Ya no echo de menos mañana. ES AHORA.' Al clímax de él (ella pidió VERLO llegar), el carmesí le floreció bajo la piel — ella: 'Ahí estás. Os veo a los dos.' Ella NO llegó en este coito (línea base que ella misma citó; prohibió convertirlo en déficit) → 'objetivo de curso' pactado.",Akari/Momo,HITO MAYOR del vínculo central. Primera vez planificada por ella y ejecutada con los dos idiomas de ambos (método + sangre).
ev-086,C1-T1-D7 domingo 15:30-15:45,"BEBE LA DESFLORACIÓN (1ª SANGRE AJENA DE SU VIDA, traza consentida: 'Bebe. La primera sangre de mi vida entera es tuya. DEL ÁRBOL SE BEBE'): efecto = eco cálido + FLASH del viernes noche (Momo abrazada a la almohada: 'es mañana, es mañana de verdad') + sabor del Quirk (su cuerpo = biblioteca de materiales). Respuesta seductora de Akari ('sabes a un SÍ enorme') y confesión del recuerdo → Momo: 'Ya no me queda nada sin enseñar. Bebe de mí siempre.'",Akari/Momo,Puerta del drenaje real abierta POR AMOR y no por combate. Momo = primera en TODO (regla viva del jugador).
ev-087,C1-T1-D7 domingo 15:52-16:00,"HERIDA Y REPARACIÓN: al pedir Momo consentimiento informado para Ibara, Akari lo siente como puñalada ('¿de qué vas, tía?'). Momo NO escala: reconoce el fondo ('te debo la presunción de honestidad'), nombra su miedo real ('sangre + otra chica 3 min después de que beber se volviera LO NUESTRO; convertí mi miedo en jurisprudencia porque el mazo pesa menos que decir tengo miedo'). Akari defiende su registro ('tía' = semántica social no cognitiva, palabro inventado admitido con enmienda: jamás en reproche).",Akari/Momo,Primera micro-crisis de pareja RESUELTA en 3 minutos con las herramientas del propio vínculo. Patrón de Momo identificado por ella misma (toga como armadura).
ev-088,C1-T1-D7 domingo 15:58-16:05,"BLACKROOT PRESENTADO A MOMO (primera persona que conoce a la familia interna): ella se presenta FORMAL ('Yaoyorozu Momo. El árbol. Es un honor'), el lobo la lame y se le recuesta = ACEPTADA EN LA MANADA. Órdenes de Akari (si me descontrolo, apártame y protégela) + ENMIENDA DEL ÁRBOL: 'no lo apartes sin más: ME LO TRAES DE VUELTA. A mí. Esa es la ruta de evacuación.' Cola contra el tatami = enmienda aceptada.",Akari/Momo/Blackroot,Red de seguridad tejida con su propia sangre; la enmienda de Momo es doctrina permanente.
ev-089,C1-T1-D7 domingo 16:05-16:52,"SEGUNDA RONDA (ella a horcajadas, sentados) + BESO DE SANGRE EN SU CLÍMAX (drenaje completo consentido, bajo la línea del cuello del uniforme — la marca SE LA QUEDA ELLA: 'la única nota que no dejaré que me corrijas'): tipo A CANONIZADO, +20 neto; DOS RECUERDOS filtrados por la savia (el FLECHAZO del aula día 1 desde dentro: '¿quién es ESE y por qué me pasa ESTO en horario lectivo?' + la HOJA DE PROS/CONTRAS ROTA EN CUATRO — la única decisión de su vida sin metodología). EL HAMBRE asomó (voz verde pidiendo MÁS, medio segundo de exceso) → GRUÑIDO de Blackroot lo frenó en seco. Aftercare (agua + dulces de azuki). SINTONIZACIÓN Momo COMPLETA (regla R10 nueva: su sangre rinde AB pleno en adelante).",Akari/Momo/Blackroot,Primer drenaje real de su vida: en amor, con protocolo y con freno FUNCIONANDO. El hambre existe y es entrenable.
ev-090,C1-T1-D7 domingo 17:05-17:25,"BAÑERA I: intento de usar la CREACIÓN (fragmento débil disponible por el drenaje — R11): FALLÓ la interfaz (sintió el 'índice de la biblioteca' entero, la savia imitó y produjo un capullito confundido) — fragmento INTACTO, requiere coaching de la donante. TEORÍA 8/8 vs 10/10 de Akari (los límites de ella: estatus/empresa/padre) → CORRECCIÓN DE MOMO: 'has acertado el número y fallado la causa: el margen es MÍO, una mano que yo no había soltado; hoy he soltado tres fases. Cuando suelte el trozo entero será DE GOLPE... pierde el que ame menos. Sigo inscrita.' + 'a mi padre no lo metas en la bañera'.",Akari/Momo,La asimetría 8↔10 queda entendida POR AMBOS con la causa correcta (autoprotección, no jaula externa).
ev-091,C1-T1-D7 domingo 17:20 (POV Momo),"DISCURSO DE AKARI — 'CUIDANOS' + OSAKA: 'tu corazón es lo mejor que tengo; no corras, no quiero que se agriete'; si se separa de ella será 'secuestrado o con mi cuerpo frío' (Momo VETA esa frase como retórica: 'los dos sabemos de qué cajón sale; si vienen a por ti más les vale traer un ejército y un plan para mí'). CORRECCIÓN de la caída libre: creció ODIADO/TEMIDO/REPUDIADO, sin amor ni amistad hasta ESTA SEMANA; amar = fuerza de voluntad + reinvención. LISTA DE GRATITUD: Momo (primera), Toru (proyección visual), Jirō (musical-introspectivo), Mina (alegría), Kendo (sincronización en combate), Ibara (no está solo en el Quirk), BAKUGO (lo que esconde bajo los gritos), AIZAWA ('lo más parecido a un padre que he tenido, y lo conozco de 5 días'). Momo: 'ACEPTO LA MISIÓN. Acta fundacional, dos socios, sin cláusula de salida' + relectura del bosque: 'un huérfano plantando familia a toda velocidad, con método, antes de que alguien vuelva a quitársela'.",Akari/Momo,La arquitectura emocional completa de Akari, dicha en voz alta por primera vez. Momo la custodia.
ev-092,C1-T1-D7 domingo 17:26-18:20,"EXPERIMENTO 'CUERPO' (refuerzo del pene): Momo CREA UN CALIBRE VERNIER y lo mide todo ('resistencia a flexión notable; +1,2 grados; PULSA'); ironía: su propia sangre (adaptación 1h) nerfeó la herramienta. TERCERA RONDA (él encima, ritmo dictado por sus manos, PULSO de savia dentro — 'el dato, quiero TODOS los datos'): 'modo loba' de Momo = caza con el idioma entero ('condicionamiento clásico: vas a oír YAOYOROZU en la lista y vas a sentir ESTO'); ORGASMO SIMULTÁNEO NO BUSCADO = PRIMER ORGASMO COITAL DE ELLA ('he dejado de perseguirlo estadísticamente y HA OCURRIDO'). Cita sellada: 'el placer está en la mente, pero la mente la has f... tú' (NO consta en acta. Consta.).",Akari/Momo,Objetivo de curso CUMPLIDO por adelantado; el calibre vernier queda olvidado en la 411 (patrimonio del Tsuki-no-Ma).
ev-093,C1-T1-D7 domingo 18:25-18:55,"PROTOCOLO DE ALIMENTACIÓN pactado (ella directora de laboratorio Y fuente primaria): MICRO-TOMA DIARIA (5-10 ml, 'quiero ese ritual') + COMPLETA 1×/semana + hierro/B12 (recurso ganado por ella: 'soberanía simétrica; cuídanos incluye dejarte cuidar') + DISTRIBUIR CARGA (el árbol lo dice aunque a la novia le cueste) + TECHO ANTI-BENGALA (beber empuja maestría: habrá que aprender a decirle NO a la savia). [La regla 'jamás <20% de pool' es de AIZAWA, ~21:50 — ver ev-098; Momo no la conoce como cláusula.] SUSCRIPCIÓN A LA FUENTE: periodo de Momo VIERNES 24 (ciclo 28,3 días ±0,8, registro desde los 13; cólicos serios día 1 — nadie lo sabe, lo disimula con postura de sub-delegada) = sangre a fondo perdido reciclada ('eficiencia de Pareto absoluta y estoy furiosa por no haberlo propuesto yo'); experimento SAVIA vs CÓLICOS el viernes ('estoy enamorada de un analgésico con cara bonita'). Pendiente logístico: DÓNDE beber por las mañanas sin romper la coartada (peldaño/entre-muros candidatos).",Akari/Momo,Sistema de alimentación del Drácula fundado con método y amor. Viernes 24 = cita experimental.
ev-094,C1-T1-D7 domingo 18:52-19:35,"PROMESA DE MATRIMONIO (no proposición): 'quiero casarme contigo; te lo pediré por sorpresa, bonito y épico, pero quiero que lo sepas ya: solo hay un camino y eres tú' → MOMO: 'la respuesta YA EXISTE, se escribió hoy; guárdala tú' + CONDICIÓN MAYOR: pedírselo DESPUÉS de su guerra (padre/apellido/3 años) — 'no te vas a casar con la heredera a escondidas: te vas a casar conmigo A LA LUZ'. Lore muko-yōshi ('mi padre te querría ABSORBER: Akari Yaoyorozu'). BAÑERA II: 'señora Hayami' (colección, 1er puesto), las ALAS SEPARADAS de sus padres confirmadas (cenar con cita previa; la primera vez que vio padres desayunar en pijama fue en casa de Jirō a los 15), cláusula 'DORMIR JUNTOS' ('la propuesta más radical que ha entrado en una negociación matrimonial Yaoyorozu'), HIJOS: infancia feliz, sin jaula de oro ('un niño con tus ojos persiguiendo a Blackroot por un pasillo sin alas... nadie me había regalado una infancia con 30 años de antelación') — firmado 'Momo A Secas'. Lo VISTE ella (reverso del estreno). Salidas separadas; banter final Mulan/'señor Yoyoyuyu' ('hasta en sus fantasías de victoria acaba usted casado conmigo').",Akari/Momo,EL ACTA GRANDE: futuro declarado con condición estructural (la guerra de Momo). Día de Momo COMPLETO — 'el mejor día de la vida de Akari (de momento)'.
ev-095,C1-T1-D7 domingo 19:48-20:05,"POV Momo calle abajo: borra tres párrafos y manda lo justo ('Ya te echo de menos ayer, hoy y mañana — los tres a la vez, es un desastre logístico precioso. Tuya. Señora H.'). Akari devuelve la llave ('que vuelvan pronto, señor Tanaka') y cena gyūdon de pie (-¥620).",Akari/Momo,Cierre limpio de la burbuja; la coartada retoma el mando.
ev-096,C1-T1-D7 domingo 20:40-21:12,"SALTA LA VALLA DE UA (flanco este, post-USJ) para entrenar → AIZAWA (guardia de domingos desde el USJ) lo OBSERVA 20 MIN antes de capturarlo con la bufanda en la flexión 73 ('nadie le enseñó a entrenar así: se lo enseñó él'). Confesión honesta de Akari (iba a probar las tres bestias; 'aquí es el único sitio legal y no hay testigos... casi'). CASTIGO-ENCARGO: INFORME del agujero de seguridad (sensores, punto ciego) para el MIÉRCOLES, entrega EN MANO A NEZU ('UA convierte a sus delincuentes en auditores'). Y luego: sesión SUPERVISADA ('no vas a estar nunca en un laboratorio más seguro').",Akari/Aizawa,La pillada se convierte en tutela nocturna. Nezu recibirá visita.
ev-097,C1-T1-D7 domingo 21:12-21:35,"TRIPLE INVOCACIÓN (1ª de su vida): Blackroot + CORVAX (cuervo gigante 'negro como la muerte' — BAUTIZADO) + YOGMUNGARD (serpiente constrictora 4m — NACE y es bautizada). Lección de Aizawa: 'una voluntad POR bestia. Nombra. DELEGA.' → Corvax a patrulla autónoma (canal de imágenes), Blackroot a salto-trampolín contra el muro (7m alto/15 largo, aterrizaje glorioso-desastroso), atención entera a estabilizar la serpiente. NEZU observa desde su despacho y SALUDA al cuervo con la patita ('tu informe acaba de ganar un lector entusiasta').",Akari/Aizawa/Nezu,Delegación = la mecánica clave del multi-bestia desbloqueada conceptualmente. Marca candidata registrada (pm-026).
ev-098,C1-T1-D7 domingo 21:35-21:55,"SIMULACRO DE EVACUACIÓN DE HERIDO (invención de Akari): Yogmungard lo ENGULLE (dentro: oxigenado por su propia savia, 'estás dentro de ti'), lo transporta 700m hasta la enfermería en 3:50 con Corvax de ojos aéreos (ve la ruta desde arriba estando dentro) y Blackroot de escolta; depositado 'con delicadeza de camillero'. Correcciones de Aizawa: ingesta a 3s (no 8), DESTINOS RANKEADOS (enfermería/hospital/bomberos), y el FALLO ESTRUCTURAL: a pool 0 la ambulancia muere con el conductor → ÓRDENES PERMANENTES a las tres bestias (si su consciencia cae con pool>0: evacuación automática sin esperar orden) + regla personal: JAMÁS <20% sin adulto. 'Un problemático con instinto de rescate... La semana que viene lo hacemos con cronómetro y conmigo de villano activo. Avisas, entras por la puerta, yo firmo.'",Akari/Aizawa,Protocolo de auto-evacuación FUNDADO (responde al peor escenario del PC). Sesión Aizawa-villano agendada (semana próxima).
ev-099,C1-T1-D7 domingo 21:58-22:15,"CONFESIÓN + VUELO: Akari admite que su plan de volar a casa era ilegal a sabiendas ('si no me pillan no hay denuncia') → lección seca de Aizawa sobre VIGILANTES ('esa frase es la puerta por donde entraron todos los expedientes que he visto arder'). Compromiso: VUELO AUTORIZADO DENTRO DEL CAMPUS (propiedad privada + pro supervisando): Corvax AGRANDADO (montura), sube a 500m, TOCA LAS NUBES, Musutafu entera abajo con el día legible en el mapa — Akari llora en el cielo ('el chico al que Osaka tenía miedo está tocando las nubes. Legalmente. Casi.'). Aterrizaje teatral ante Aizawa; sale POR LA PUERTA. Despedida: 'Se te ha puesto cara de persona con raíces. Te sienta mejor que la de recién llegado.' + 'Lo de hoy no ha estado mal. No se lo digas a nadie.'",Akari/Aizawa/Corvax,Cierre épico LEGAL del mejor día de su vida. La elección puerta-vs-muro aprobada como 'la asignatura de verdad'.
ev-100,C1-T1-D7 domingo 22:20-23:05,"RONDA DE BUENAS NOCHES (cada una la suya, ninguna cruzada): Momo ('¿UN CUERVO? Exijo el expediente... me duele la cara de sonreír'), Toru ('dile a TU martes que se vaya preparando... tres listas... buenas noches, colega que me ve ✨(esa soy yo)'), Jirō ('abrazo, estudiar. ves, por escrito también me sale al revés. hasta mañana, ladrón de frases'), Mina ('🌙☀️ buenas noches bobo. (el jueves trae hambre)'), Kendo (sin respuesta: duerme — le llegará al alba). Ducha tibia del hostal; la croqueta del techo saludada; duerme a las 23:05 'entero, lleno y con raíces'. [SESIÓN 8 CERRADA]",Akari/red,FIN DEL DÍA 7 — el día de Momo. Mañana lunes D8: 6:30 Aizawa, clases (Midnight), Ibara en persona, agente del piso, CITA JIRŌ.
ev-101,C1-T1-D8 lunes 6:30-8:16,"6:30 Aizawa: la DELEGACIÓN sobrevive al Erasure (órdenes permanentes = estructura, no impulso; 'las herencias se heredan rotas'). Bentos con doctrina nutricional. Micro-toma de Momo (entre-muros): PRIMER 'NO' a la savia EN ESCENA con hambre activa ('sienta jurisprudencia'). Beso 'señora Hayami'. Sprint a 1-B: contacto de Ibara conseguido, MONOMA gag #1 (espía por la ventana, Vlad King casi lo pilla), Kendo cómplice.",Akari/Aizawa/Momo/Ibara/Monoma/Kendo,Delegación como estructura; primer NO al hambre en escena; contactos y gags.
ev-102,C1-T1-D8 lunes ~9:45,"MIDNIGHT le desmonta el 'por qué el número uno' (validación externa = correa, no ancla; 'quién decide lo que eres: tú o los que te miran'). Encarga ENSAYO 'La percepción es el trabajo' (viernes) + 2 tutorías (miér 15:30). Verdad de Akari bajo el número: 'para no ser un peligro'. 'Cero bonito, pienso cobrarte entero.'",Akari/Midnight,Semilla del cambio de motivación (fructifica D10). Flanco de Hª del Arte + tutorías.
ev-103,C1-T1-D8 lunes 12:30,"IBARA (invernadero): Akari le propone el EXPERIMENTO DEL DRENAJE con consentimiento informado completo (C→B→A: su fe primero, el hambre/porqué, el qué clínico — recuerdos/sabor/fragmento). Ella NO contesta en caliente; lo lleva a sus oraciones; respuesta el miércoles ('ofrecida o nada'). Raíces trenzadas con sus vides.",Akari/Ibara,Cortejo con consentimiento sagrado; respuesta aplazada al miércoles.
ev-104,C1-T1-D8 lunes 13:30-17:30,"Evaluaciones (Aizawa): 8º/21 en el índice físico-táctico (recalibrado; fuerza aplicada por tracción de raíces), 2º mejor en el simulacro de rescate (delegación multi-bestia). Toru: secuestro académico a la biblioteca (perspectiva para el ensayo: 'héroes que trabajan gratis para la cámara').",Akari/Aizawa/Momo/Toru,Primer número real en una lista de UA; flanco del ensayo.
ev-105,C1-T1-D8 lunes noche,"⭐ CITA DE JIRŌ (su casa): estudio + canción 'EL LADRÓN' (escrita para él, cantada por ella). Primer sexo (oral/manual); primer orgasmo de ella con alguien; bragas robadas (gag). Conoció a sus padres (Kyotoku bajista, Mika teclados/voz). Volvió al hostal. Ronda de mensajes.",Akari/Jirō,Vínculo Jirō consolidado; su canción privada; primera intimidad completa (menos coito).
ev-106,C1-T1-D9 martes 5:00-8:19,"Croqueta limpiada. Carrera 10k/54:10 (mejora). 6:30 Aizawa: cuerpo + bestias en terreno nuevo (reparto de atención 'ojo/puño'). CORRECCIÓN CANÓNICA (jugador): las bestias son INSTINTO VIVO reactivo, no reflejos programados que se corrompen — Aizawa lo concede ('voluntad en directo'). Micro-toma de Momo + MATRIZ del punto fijo (candidato 3: biombo móvil de Creación) + EXCEPCIÓN íntima (clímax con la mano, biombo+punto ciego); 2ª declinación de la savia.",Akari/Aizawa/Momo,Punto fijo matinal resuelto (biombo); naturaleza de las bestias clarificada; excepción íntima.
ev-107,C1-T1-D9 martes ~9:25,"Ley Heroica (Aizawa): DUELO público con Momo sobre PROPORCIONALIDAD del daño ('la contención es decisión heroica'; el test de proporcionalidad). Aizawa: 'argumenta como un tercero'. Coartada de rivalidad + flanco de Ley alimentados. Gag coral del LINE de 1-A (metal finlandés → Tokoyami reforzado).",Akari/Momo/Aizawa/1-A/Tokoyami,Flanco de Ley Heroica; coartada; foco a la clase.
ev-107b,C1-T1-D9 martes 13:30-14:30,"⭐ FUNDAMENTOS HEROICOS con ALL MIGHT (1er contacto real con el nº1). Ejercicio de JUICIO EN CAMPO (3 emergencias simultáneas, sin instrucciones): Akari delega — Avatar Carmesí al herido de escombros, GORILA (bestia nueva) al 2º piso, y ÉL al del cable eléctrico (el más urgente) con supersalto de tentáculos de savia (NO usó Corvax, OPSEC); tres víctimas salvadas EN EL ORDEN CORRECTO + llamada a emergencias + perímetro. All Might: 'El poder lo tienes o no; el JUICIO se elige. Quiero verte crecer, muchacho.' Akari le DEVOLVIÓ su frase ('Ya estoy aquí') para esquivar el elogio (nunca lo elogiaron). TODOROKI le derribó un muro: 'le has devuelto su frase para no quedarte con la tuya; yo también lo hago; quédate con eso un segundo aunque te incomede'. TOKOYAMI: 'el Guardián que se reparte'. PACTO CON MIDORIYA: decidió dejar de investigarle y empezar a conocerle ('quiero cubrirte las espaldas'); 'ENTRENEMOS JUNTOS' → 'Trato hecho, Hayami' ('Quirks que duelen'). Post-clase: Mina emboscada pública (coartada; 'el jueves trae hambre'); Toru en la grada (invisible, meñique).",Akari/All Might/Todoroki/Tokoyami/Midoriya/Mina/Toru,Primer contacto con el nº1 (juicio en campo elogiado); pacto de entreno con Midoriya; muro derribado por Todoroki; Akari esquiva elogios (nunca lo elogiaron).
ev-108,C1-T1-D9 martes tarde-noche,"⭐ CITA DE TORU (estudio de fotografía prestado): fue desnuda e invisible del brazo de Akari. Disclosure del DRENAJE (consentimiento informado). SEGUNDA PIEL ante el espejo (se vio guapa). TE-QUIERO DISPARADO ('lista tres', dicho vista/sobria/a los ojos). PRIMERA VEZ COMPLETA (con protección). Primer DRENAJE de Toru (tipo O; fragmento de INVISIBILIDAD; recuerdo: los 5 años + madre bioluminiscente). SESIÓN DE FOTOS (regalo: existir). Akari saldó la deuda de ¥33.800. La llevó en brazos a su portal. Amor mutuo declarado; donante regular + beber su regla pactado (ciclo ~26-27 may).",Akari/Toru,Toru florece completo (7→8): te-quiero + primera vez + fotos + drenaje. Deuda cerrada.
ev-109,C1-T1-D9 martes noche,"Akari trepó a la ventana de JIRŌ y durmió con ella (cucharita, NO sexual — 'traer lo caro'). Descubrió que canta SEGUNDA VOZ (grave). Honestidad: le dejó ver que venía de un compromiso sin restregarlo. Sábado de composición pactado.",Akari/Jirō,Intimidad no sexual (dormir juntos) como lo más caro; pacto de honestidad funcionando.
ev-110,C1-T1-D10 miércoles 5:30-6:30,"⭐ KENDO CRUZÓ EL UMBRAL (Gamma): Akari vino DE FRENTE con la verdad completa del marco (árbol sin nombre, amor libre sin jerarquías, todo menos renunciar al árbol/su nombre). Kendo abrió la puerta CON SUS TÉRMINOS (no comparar, su ritmo, dignidad, hermandad de armas intocable). Primer beso. Café cruzado. 'Te-quiero en juego' (aplazado). POV Kendo: orgullo vs distinción árbol/flores.",Akari/Kendo,Kendo entra al bosque a su ritmo (5→6, umbral-cruzado).
ev-111,C1-T1-D10 miércoles 6:35-7:05,"6:35 Aizawa: negoció su CASTIGO por la intrusión en el colector (D9: metió ardilla+ratón por una rejilla a mapear los desagües sin permiso; hallazgo de ORO — colector que cruza el perímetro este por debajo, rejilla comprometida; PERO un sensor lo registró). CONFESÓ a Aizawa ANTES de que lo pillaran (elegir la puerta v2). Lección del RED TEAM (permiso arriba + sorpresa abajo = legítimo; la firma es la diferencia). Castigo-servicio: rondas nocturnas supervisadas hasta exámenes. Aizawa le explicó quién es STAIN (el Hero Killer, sangre).",Akari/Aizawa,Red team aprendido; segunda vez eligiendo la puerta; castigo negociado (formación, no autoflagelo).
ev-112,C1-T1-D10 miércoles 8:05,"Momo (entre-muros): NOTICIAS DEL BOSQUE cara a cara (Toru consumada, Kendo umbral). Ajuste del marco v2 (verdad de quién/cuándo/floreció SÍ, detalles sexuales/mecánicos NO — por ética/OPSEC). PLAN DE KIOTO: 2 noches el finde siguiente (gala benéfica de sus padres) → cláusula dormir-juntos ACTIVADA con fecha. Micro-toma flexible.",Akari/Momo,Marco afinado por ética; Kioto (primera noche entera juntos) agendado.
ev-113,C1-T1-D10 miércoles 9:46-10:02,"ZONA DE TERCERO: contacto con los TRES GRANDES. NEJIRE HADO (curiosidad extrema; consejo 'el número es humo, las ganas son el fuego'; técnica de vuelo por frecuencia modulada). MIRIO TOGATA (consejo 'el mejor rescate es el que no sale en cámara' → conclusión del ensayo). Tamaki tímido. Contactos de Nejire y Mirio conseguidos. BRECHA OPSEC menor: rumor del 'cuervo gigante' (recalibrado a ruido — volar es común, lo tabú real es maestría+tiempo).",Akari/Nejire/Mirio/Tamaki,Aliados en la élite de UA; deseo naciente con Nejire; conclusión del ensayo regalada.
ev-114,C1-T1-D10 miércoles ~15:15,"TSUYU (Froppy): con su radar honesto notó el patrón de Akari (hace que cada persona se sienta la única vista). Akari la ganó con VULNERABILIDAD genuina: conecta con TODOS (hombres incluidos) por (1) que lo conozcan antes de que su Quirk traiga prejuicios y (2) formar una FAMILIA ELEGIDA (trauma de abandono). Tsuyu VE más de lo confesado (lo romántico) pero RESPETA. De amenaza a aliada con ojo. Almuerzo con URARAKA (tribu; caña lanzada → puerta entreabierta a su ritmo; ayuda de estudio ofrecida).",Akari/Tsuyu/Uraraka,Radar de 1-A ganado por honestidad (aviso OPSEC latente); Uraraka entreabierta.
ev-115,C1-T1-D10 miércoles 10:06-15:00,"Física (SNIPE): ANEXIONADA (explicó la física de su propio Quirk — músculos vegetales + hemoglobina como combustible). Rescate (THIRTEEN): foco nuevo (su Quirk que salva y mata; herida del USJ); Toru brilló en su elemento. Tutoría de MIDNIGHT (15:30): tesis afilada ('a quién le miente el cartel'; 'el público es cómplice'); DESEO NACIENTE por iniciativa del PC, ella juega en el filo del tabú.",Akari/Snipe/Thirteen/Midnight/Toru,Flancos académicos (Física, Hª del Arte); fuego lento con Midnight.
ev-116,C1-T1-D10 miércoles 16:35-18:45,"⭐ SAVIA CON IBARA (invernadero): Akari compartió su gusto secreto que no enseña a nadie — CANTOS GREGORIANOS (Silos). DESPERTAR DE IBARA (teología que reconcilia su guerra fe/naturaleza: 'negar la naturaleza es negar a Dios'; 'yo seré tu pilar'). PRIMER BESO iniciado por ELLA. ALIANZA DE SANGRE (beso en la yugular; tipo B; fragmento de VIDES; recuerdo de su infancia — el jardín en la cabeza). Blackroot de guardián. Intimidad pre-coital (su primer placer). ALAS DE SAVIA desarrolladas con su ayuda. Eligió el jardín botánico nocturno para su primera vez. La acompañó a casa.",Akari/Ibara/Blackroot,Ibara despierta (4→6, anclada); alianza sagrada; alas de savia nacen.
ev-117,C1-T1-D10 miércoles 21:40-00:15,"Info de Midnight (sin dormitorios; todos viven fuera; Big 3 cogen el tren). RONDA NOCTURNA con Aizawa (1ª, castigo): vigilancia = buscar ANOMALÍAS, no movimiento; revisó el flanco este con permiso; le adelantó el rumor del cuervo (Aizawa lo desdramatiza). REVELACIÓN DE MÉTODO de Akari (bisturí vs escopeta: cazar anomalías del conocimiento, no recorrer líneas) → CAMBIO DE MOTIVACIÓN (ranking → dominio). Toque de Midnight en su despacho ('sé llegar a Chiyoda', puerta cerrada con sonrisa). Ronda de buenas noches a todos los vínculos.",Akari/Aizawa/Midnight/red,Revelación de método + cambio de motivación; fuego lento Midnight; red regada.
ev-118,C1-T1-D11 jueves 6:10-8:09,"Durmió en el campus (penitencia). 6:30 Aizawa: ESTRENÓ LAS ALAS DE SAVIA a plena luz (movilidad, belleza; plan de vuelo con la técnica de Nejire; MEDIO SEGUNDO de vuelo propio). Reparto de atención: 'casi un ojo'. Katsudon a domicilio SOLO para Momo (Akari se aprieta; ~¥68.990). Micro-toma de Momo (el 'doble'; 1ª aplicación de la SANGRE NUTRITIVA — comer de ella); marco bisturí compartido (Momo: 'tu bisturí necesita mi mapa'). [SESIÓN 9 CERRADA — PENDIENTE: beat con Uraraka al entrar a clase]",Akari/Aizawa/Momo,Alas estrenadas; sangre nutritiva estrenada; arranque de S10 = beat Uraraka.
